{"cameraMode":{"drawMode":0,"name":"Shaded","section":"Shading Mode"},"sceneLighting":false,"audioPlay":false,"sceneViewState":{"m_AlwaysRefresh":true,"showFog":true,"showSkybox":false,"showFlares":true,"showImageEffects":true,"showParticleSystems":true,"showVisualEffectGraphs":true,"m_FxEnabled":true},"in2DMode":false,"pivot":{"x":-0.004566192626953125,"y":1.0642013549804688,"z":0.49274778366088869},"rotation":{"x":-0.007947619073092938,"y":0.9276393055915833,"z":-0.019770117476582528,"w":-0.37287816405296328},"size":1.810103416442871,"orthographic":false}