{"cameraMode":{"drawMode":0,"name":"Shaded","section":"Shading Mode"},"sceneLighting":false,"audioPlay":false,"sceneViewState":{"m_AlwaysRefresh":true,"showFog":true,"showSkybox":false,"showFlares":true,"showImageEffects":true,"showParticleSystems":true,"showVisualEffectGraphs":true,"m_FxEnabled":true},"in2DMode":false,"pivot":{"x":0.19620266556739808,"y":1.0755528211593629,"z":-0.009642243385314942},"rotation":{"x":0.005690048914402723,"y":0.006596193183213472,"z":0.000049110287363873795,"w":-0.999980092048645},"size":3.208047866821289,"orthographic":false}