{"cameraMode":{"drawMode":0,"name":"Shaded","section":"Shading Mode"},"sceneLighting":true,"audioPlay":false,"sceneViewState":{"m_AlwaysRefresh":true,"showFog":true,"showSkybox":true,"showFlares":true,"showImageEffects":true,"showParticleSystems":true,"showVisualEffectGraphs":true,"m_FxEnabled":true},"in2DMode":false,"pivot":{"x":7.223117351531982,"y":-10.255369186401368,"z":-17.153533935546876},"rotation":{"x":0.15706197917461396,"y":0.03405965864658356,"z":-0.005419985856860876,"w":0.9869866371154785},"size":35.50455093383789,"orthographic":false}