{"cameraMode":{"drawMode":0,"name":"Shaded","section":"Shading Mode"},"sceneLighting":false,"audioPlay":false,"sceneViewState":{"m_AlwaysRefresh":true,"showFog":true,"showSkybox":false,"showFlares":true,"showImageEffects":true,"showParticleSystems":true,"showVisualEffectGraphs":true,"m_FxEnabled":true},"in2DMode":false,"pivot":{"x":4.687994003295898,"y":1.9725171327590943,"z":1.1032891273498536},"rotation":{"x":-0.17047235369682313,"y":0.003543698461726308,"z":-0.0006129109533503652,"w":-0.9853600859642029},"size":2.6041038036346437,"orthographic":false}