{"cameraMode":{"drawMode":0,"name":"Shaded","section":"Shading Mode"},"sceneLighting":false,"audioPlay":false,"sceneViewState":{"m_AlwaysRefresh":true,"showFog":true,"showSkybox":false,"showFlares":true,"showImageEffects":true,"showParticleSystems":true,"showVisualEffectGraphs":true,"m_FxEnabled":true},"in2DMode":false,"pivot":{"x":0.5785175561904907,"y":2.859431028366089,"z":0.1390945315361023},"rotation":{"x":-0.04227099195122719,"y":-0.03536488488316536,"z":0.001509964233264327,"w":-0.9984968900680542},"size":1.6460835933685303,"orthographic":false}