{"cameraMode":{"drawMode":0,"name":"Shaded","section":"Shading Mode"},"sceneLighting":true,"audioPlay":false,"sceneViewState":{"m_AlwaysRefresh":true,"showFog":true,"showSkybox":true,"showFlares":true,"showImageEffects":true,"showParticleSystems":true,"showVisualEffectGraphs":true,"m_FxEnabled":true},"in2DMode":false,"pivot":{"x":-7.672918319702148,"y":-215.15907287597657,"z":963.5895385742188},"rotation":{"x":0.11553245782852173,"y":-0.01102458406239748,"z":0.001282723038457334,"w":0.9932425022125244},"size":521.3759155273438,"orthographic":false}