{"cameraMode":{"drawMode":0,"name":"Shaded","section":"Shading Mode"},"sceneLighting":false,"audioPlay":false,"sceneViewState":{"m_AlwaysRefresh":true,"showFog":true,"showSkybox":false,"showFlares":true,"showImageEffects":true,"showParticleSystems":true,"showVisualEffectGraphs":true,"m_FxEnabled":true},"in2DMode":false,"pivot":{"x":-12.440372467041016,"y":2.1095151901245119,"z":11.07654857635498},"rotation":{"x":0.1671457290649414,"y":0.5227885246276856,"z":-0.10537496954202652,"w":0.8292473554611206},"size":0.45460468530654909,"orthographic":false}