{"cameraMode":{"drawMode":0,"name":"Shaded","section":"Shading Mode"},"sceneLighting":false,"audioPlay":false,"sceneViewState":{"m_AlwaysRefresh":true,"showFog":true,"showSkybox":false,"showFlares":true,"showImageEffects":true,"showParticleSystems":true,"showVisualEffectGraphs":true,"m_FxEnabled":true},"in2DMode":false,"pivot":{"x":0.9479772448539734,"y":0.80093914270401,"z":-1.5537155866622925},"rotation":{"x":-0.37343350052833559,"y":0.08248855173587799,"z":-0.03336145728826523,"w":-0.9233855605125427},"size":1.2123725414276124,"orthographic":false}