{"cameraMode":{"drawMode":0,"name":"Shaded","section":"Shading Mode"},"sceneLighting":true,"audioPlay":false,"sceneViewState":{"m_AlwaysRefresh":true,"showFog":true,"showSkybox":true,"showFlares":true,"showImageEffects":true,"showParticleSystems":true,"showVisualEffectGraphs":true,"m_FxEnabled":true},"in2DMode":false,"pivot":{"x":3.9856162071228029,"y":6.887786865234375,"z":-10.261938095092774},"rotation":{"x":-0.036876630038022998,"y":-0.03716886788606644,"z":0.0013714414089918137,"w":-0.9986414909362793},"size":7.099153995513916,"orthographic":false}