{"cameraMode":{"drawMode":0,"name":"Shaded","section":"Shading Mode"},"sceneLighting":true,"audioPlay":false,"sceneViewState":{"m_AlwaysRefresh":true,"showFog":true,"showSkybox":true,"showFlares":true,"showImageEffects":true,"showParticleSystems":true,"showVisualEffectGraphs":true,"m_FxEnabled":true},"in2DMode":false,"pivot":{"x":0.6189687848091126,"y":-4.070235729217529,"z":10.021574020385743},"rotation":{"x":0.19366280734539033,"y":0.033540401607751849,"z":-0.006624991539865732,"w":0.9804727435112},"size":11.812724113464356,"orthographic":false}