{"cameraMode":{"drawMode":0,"name":"Shaded","section":"Shading Mode"},"sceneLighting":false,"audioPlay":false,"sceneViewState":{"m_AlwaysRefresh":true,"showFog":true,"showSkybox":false,"showFlares":true,"showImageEffects":true,"showParticleSystems":true,"showVisualEffectGraphs":true,"m_FxEnabled":true},"in2DMode":false,"pivot":{"x":0.14297053217887879,"y":3.252163887023926,"z":1.6516005992889405},"rotation":{"x":-0.14232513308525086,"y":0.002075865399092436,"z":-0.0002975239185616374,"w":-0.9898232817649841},"size":1.9090666770935059,"orthographic":false}