{"cameraMode":{"drawMode":0,"name":"Shaded","section":"Shading Mode"},"sceneLighting":false,"audioPlay":false,"sceneViewState":{"m_AlwaysRefresh":true,"showFog":true,"showSkybox":false,"showFlares":true,"showImageEffects":true,"showParticleSystems":true,"showVisualEffectGraphs":true,"m_FxEnabled":true},"in2DMode":false,"pivot":{"x":0.8875256180763245,"y":2.0511293411254885,"z":-0.0028529763221740724},"rotation":{"x":0.005690048914402723,"y":0.006596193183213472,"z":0.000049110287363873795,"w":-0.999980092048645},"size":2.846083402633667,"orthographic":false}