{"cameraMode":{"drawMode":0,"name":"Shaded","section":"Shading Mode"},"sceneLighting":false,"audioPlay":false,"sceneViewState":{"m_AlwaysRefresh":true,"showFog":true,"showSkybox":false,"showFlares":true,"showImageEffects":true,"showParticleSystems":true,"showVisualEffectGraphs":true,"m_FxEnabled":true},"in2DMode":false,"pivot":{"x":0.1269565224647522,"y":1.4005318880081177,"z":1.1859855651855469},"rotation":{"x":-0.0029983660206198694,"y":0.9970225095748901,"z":-0.05570123717188835,"w":-0.053592052310705188},"size":1.2650938034057618,"orthographic":false}