{"cameraMode":{"drawMode":0,"name":"Shaded","section":"Shading Mode"},"sceneLighting":true,"audioPlay":false,"sceneViewState":{"m_AlwaysRefresh":true,"showFog":true,"showSkybox":true,"showFlares":true,"showImageEffects":true,"showParticleSystems":true,"showVisualEffectGraphs":true,"m_FxEnabled":true},"in2DMode":false,"pivot":{"x":0.5816214084625244,"y":2.380767822265625,"z":-5.125953197479248},"rotation":{"x":-0.07673391699790955,"y":0.0005954861408099532,"z":-0.00004539378278423101,"w":-0.9970527291297913},"size":3.9987590312957765,"orthographic":false}