{"cameraMode":{"drawMode":0,"name":"Shaded","section":"Shading Mode"},"sceneLighting":true,"audioPlay":false,"sceneViewState":{"m_AlwaysRefresh":true,"showFog":true,"showSkybox":true,"showFlares":true,"showImageEffects":true,"showParticleSystems":true,"showVisualEffectGraphs":true,"m_FxEnabled":true},"in2DMode":false,"pivot":{"x":-0.15267595648765565,"y":-1.7335729598999024,"z":2.6045780181884767},"rotation":{"x":-0.41487640142440798,"y":0.0032731592655181886,"z":-0.001492060604505241,"w":-0.9098715782165527},"size":6.641232013702393,"orthographic":false}