{"cameraMode":{"drawMode":0,"name":"Shaded","section":"Shading Mode"},"sceneLighting":true,"audioPlay":false,"sceneViewState":{"m_AlwaysRefresh":true,"showFog":true,"showSkybox":true,"showFlares":true,"showImageEffects":true,"showParticleSystems":true,"showVisualEffectGraphs":true,"m_FxEnabled":true},"in2DMode":false,"pivot":{"x":3.158715009689331,"y":0.03012371063232422,"z":4.657663345336914},"rotation":{"x":-0.41487640142440798,"y":0.0032731592655181886,"z":-0.001492060604505241,"w":-0.9098715782165527},"size":15.258713722229004,"orthographic":false}