{"cameraMode":{"drawMode":0,"name":"Shaded","section":"Shading Mode"},"sceneLighting":true,"audioPlay":false,"sceneViewState":{"m_AlwaysRefresh":true,"showFog":true,"showSkybox":true,"showFlares":true,"showImageEffects":true,"showParticleSystems":true,"showVisualEffectGraphs":true,"m_FxEnabled":true},"in2DMode":false,"pivot":{"x":-6.613460063934326,"y":2.8374240398406984,"z":27.742761611938478},"rotation":{"x":-0.09913372993469238,"y":-0.015823815017938615,"z":0.0015770887257531286,"w":-0.9949497580528259},"size":28.40106773376465,"orthographic":false}