{"cameraMode":{"drawMode":0,"name":"Shaded","section":"Shading Mode"},"sceneLighting":true,"audioPlay":false,"sceneViewState":{"m_AlwaysRefresh":true,"showFog":true,"showSkybox":true,"showFlares":true,"showImageEffects":true,"showParticleSystems":true,"showVisualEffectGraphs":true,"m_FxEnabled":true},"in2DMode":false,"pivot":{"x":1.645290732383728,"y":2.4469096660614015,"z":-5.930010795593262},"rotation":{"x":0.3952186703681946,"y":0.02864949218928814,"z":-0.01232990063726902,"w":0.9180667400360107},"size":7.3179426193237309,"orthographic":false}