{"cameraMode":{"drawMode":0,"name":"Shaded","section":"Shading Mode"},"sceneLighting":false,"audioPlay":false,"sceneViewState":{"m_AlwaysRefresh":true,"showFog":true,"showSkybox":false,"showFlares":true,"showImageEffects":true,"showParticleSystems":true,"showVisualEffectGraphs":true,"m_FxEnabled":true},"in2DMode":false,"pivot":{"x":-0.09641849994659424,"y":-0.9376554489135742,"z":-0.6507766246795654},"rotation":{"x":0.19366280734539033,"y":0.033540401607751849,"z":-0.006624991539865732,"w":0.9804727435112},"size":1.5271841287612916,"orthographic":false}