{"cameraMode":{"drawMode":0,"name":"Shaded","section":"Shading Mode"},"sceneLighting":false,"audioPlay":false,"sceneViewState":{"m_AlwaysRefresh":true,"showFog":true,"showSkybox":false,"showFlares":true,"showImageEffects":true,"showParticleSystems":true,"showVisualEffectGraphs":true,"m_FxEnabled":true},"in2DMode":false,"pivot":{"x":0.12377157807350159,"y":1.5550228357315064,"z":-0.056435465812683108},"rotation":{"x":-0.00611095130443573,"y":-0.24731025099754334,"z":0.0015720304800197483,"w":-0.9689346551895142},"size":1.6460835933685303,"orthographic":false}