{"cameraMode":{"drawMode":0,"name":"Shaded","section":"Shading Mode"},"sceneLighting":false,"audioPlay":false,"sceneViewState":{"m_AlwaysRefresh":true,"showFog":true,"showSkybox":false,"showFlares":true,"showImageEffects":true,"showParticleSystems":true,"showVisualEffectGraphs":true,"m_FxEnabled":true},"in2DMode":false,"pivot":{"x":0.7298309803009033,"y":0.9312818050384522,"z":-0.5416116714477539},"rotation":{"x":-0.007272875867784023,"y":0.9730174541473389,"z":-0.030961349606513978,"w":-0.2285429686307907},"size":1.4436149597167969,"orthographic":false}