{"cameraMode":{"drawMode":0,"name":"Shaded","section":"Shading Mode"},"sceneLighting":false,"audioPlay":false,"sceneViewState":{"m_AlwaysRefresh":true,"showFog":true,"showSkybox":false,"showFlares":true,"showImageEffects":true,"showParticleSystems":true,"showVisualEffectGraphs":true,"m_FxEnabled":true},"in2DMode":false,"pivot":{"x":23.360000610351564,"y":0.944826602935791,"z":0.12741929292678834},"rotation":{"x":-0.08567333966493607,"y":0.027491962537169458,"z":-0.0023632326629012825,"w":-0.995954692363739},"size":1.9672743082046509,"orthographic":false}