{"cameraMode":{"drawMode":0,"name":"Shaded","section":"Shading Mode"},"sceneLighting":false,"audioPlay":false,"sceneViewState":{"m_AlwaysRefresh":true,"showFog":true,"showSkybox":false,"showFlares":true,"showImageEffects":true,"showParticleSystems":true,"showVisualEffectGraphs":true,"m_FxEnabled":true},"in2DMode":false,"pivot":{"x":1.0564558506011963,"y":3.2000184059143068,"z":-0.41244614124298098},"rotation":{"x":-0.009308084845542908,"y":0.015596028417348862,"z":-0.0001447244139853865,"w":-0.9998372793197632},"size":3.3339741230010988,"orthographic":false}