{"cameraMode":{"drawMode":0,"name":"Shaded","section":"Shading Mode"},"sceneLighting":true,"audioPlay":false,"sceneViewState":{"m_AlwaysRefresh":true,"showFog":true,"showSkybox":true,"showFlares":true,"showImageEffects":true,"showParticleSystems":true,"showVisualEffectGraphs":true,"m_FxEnabled":true},"in2DMode":false,"pivot":{"x":6.431031703948975,"y":4.156655311584473,"z":-4.044099807739258},"rotation":{"x":0.006768318358808756,"y":-0.3390448987483978,"z":-0.0024268811102956535,"w":-0.9407627582550049},"size":7.022839546203613,"orthographic":false}