{"cameraMode":{"drawMode":0,"name":"Shaded","section":"Shading Mode"},"sceneLighting":true,"audioPlay":false,"sceneViewState":{"m_AlwaysRefresh":true,"showFog":true,"showSkybox":true,"showFlares":true,"showImageEffects":true,"showParticleSystems":true,"showVisualEffectGraphs":true,"m_FxEnabled":true},"in2DMode":false,"pivot":{"x":1.0737528800964356,"y":2.0481278896331789,"z":-1.7877187728881837},"rotation":{"x":-0.07957816123962403,"y":-0.060672640800476077,"z":0.004864443559199572,"w":-0.994987964630127},"size":-0.17418408393859864,"orthographic":false}